{"stats":{"minecraft:custom":{"minecraft:jump":19,"minecraft:time_since_rest":57720,"minecraft:damage_dealt":50,"minecraft:play_time":57720,"minecraft:leave_game":4,"minecraft:sprint_one_cm":6306,"minecraft:walk_on_water_one_cm":1123,"minecraft:time_since_death":57720,"minecraft:walk_one_cm":11578,"minecraft:sneak_time":384,"minecraft:total_world_time":57720,"minecraft:walk_under_water_one_cm":2378,"minecraft:mob_kills":1,"minecraft:fly_one_cm":250660},"minecraft:killed":{"minecraft:slime":1},"minecraft:used":{"minecraft:deepslate_emerald_ore":1,"minecraft:deepslate_redstone_ore":1,"minecraft:deepslate_diamond_ore":1,"minecraft:deepslate_lapis_ore":2,"minecraft:deepslate_gold_ore":1,"minecraft:deepslate_iron_ore":1}},"DataVersion":3953}