{"stats":{"minecraft:custom":{"minecraft:jump":23,"minecraft:time_since_rest":63216,"minecraft:damage_dealt":50,"minecraft:play_time":63216,"minecraft:leave_game":5,"minecraft:sprint_one_cm":7078,"minecraft:walk_on_water_one_cm":1604,"minecraft:time_since_death":63216,"minecraft:walk_one_cm":11881,"minecraft:sneak_time":393,"minecraft:total_world_time":63216,"minecraft:walk_under_water_one_cm":3196,"minecraft:mob_kills":1,"minecraft:swim_one_cm":926,"minecraft:fly_one_cm":384204},"minecraft:killed":{"minecraft:slime":1},"minecraft:used":{"minecraft:deepslate_emerald_ore":1,"minecraft:deepslate_redstone_ore":1,"minecraft:deepslate_diamond_ore":1,"minecraft:deepslate_lapis_ore":2,"minecraft:deepslate_gold_ore":1,"minecraft:deepslate_iron_ore":1}},"DataVersion":3953}