{"stats":{"minecraft:custom":{"minecraft:jump":68,"minecraft:time_since_rest":23069,"minecraft:damage_dealt":210,"minecraft:walk_on_water_one_cm":4175,"minecraft:leave_game":1,"minecraft:play_time":23069,"minecraft:sprint_one_cm":20836,"minecraft:time_since_death":23069,"minecraft:walk_one_cm":14208,"minecraft:sneak_time":412,"minecraft:total_world_time":23069,"minecraft:walk_under_water_one_cm":14853,"minecraft:mob_kills":1,"minecraft:fly_one_cm":371523},"minecraft:picked_up":{"alexsmobs:cachalot_whale_tooth":1,"minecraft:ink_sac":5,"minecraft:white_wool":1},"minecraft:used":{"alexsmobs:spawn_egg_tasmanian_devil":1,"alexsmobs:animal_dictionary":1,"alexsmobs:spawn_egg_leafcutter_ant":1,"alexsmobs:spawn_egg_emu":1,"alexsmobs:spawn_egg_cachalot_whale":26,"alexsmobs:spawn_egg_alligator_snapping_turtle":1},"minecraft:killed":{"minecraft:sheep":1}},"DataVersion":3465}