{"stats":{"minecraft:custom":{"minecraft:jump":33,"minecraft:time_since_rest":11069,"minecraft:damage_dealt":180,"minecraft:walk_on_water_one_cm":3677,"minecraft:leave_game":1,"minecraft:play_time":11069,"minecraft:sprint_one_cm":4397,"minecraft:time_since_death":11069,"minecraft:walk_one_cm":6776,"minecraft:sneak_time":377,"minecraft:total_world_time":11069,"minecraft:walk_under_water_one_cm":14853,"minecraft:mob_kills":1,"minecraft:fly_one_cm":327380},"minecraft:picked_up":{"minecraft:ink_sac":3,"minecraft:white_wool":1},"minecraft:used":{"alexsmobs:spawn_egg_tasmanian_devil":1,"alexsmobs:animal_dictionary":1,"alexsmobs:spawn_egg_leafcutter_ant":1,"alexsmobs:spawn_egg_emu":1,"alexsmobs:spawn_egg_cachalot_whale":26,"alexsmobs:spawn_egg_alligator_snapping_turtle":1},"minecraft:killed":{"minecraft:sheep":1}},"DataVersion":3465}